,threshold,f1
0,0.8526263560383679,0.6815930293128759
