,threshold,f1
0,0.45641270152679303,0.8204469079273273
